Experience,Salary
5.0,80000.0
4.333333333333333,83333.33333333333
